city,train_rows,test_rows,train_unique_pairs,test_unique_pairs,overlap_unique_pairs,strict_unseen_unique_test_pairs,overlap_pair_ratio_in_test_unique_pairs,strict_unseen_pair_ratio_in_test_unique_pairs,test_rows_seen_pair_in_train,test_rows_strict_unseen_pair,test_row_seen_pair_ratio,test_row_strict_unseen_pair_ratio,train_unique_brands,test_unique_brands,test_brands_not_in_train,train_unique_regions,test_unique_regions,test_regions_not_in_train
Chicago,4928,1334,4116,1262,295,967,0.23375594294770205,0.7662440570522979,342,992,0.2563718140929535,0.7436281859070465,206,206,0,757,542,17
NYC,6962,1920,6090,1838,338,1500,0.1838955386289445,0.8161044613710555,391,1529,0.20364583333333333,0.7963541666666667,403,403,0,1467,857,98
Singapore,4866,1385,3733,1259,364,895,0.2891183478951549,0.7108816521048451,466,919,0.3364620938628159,0.6635379061371841,394,394,0,265,202,10
Tokyo,13554,3784,12353,3691,512,3179,0.1387157951774587,0.8612842048225413,558,3226,0.1474630021141649,0.8525369978858351,889,889,0,2164,1458,96
